insert into usuarios(carnet, nombre, apellido, carrera, correo, rol, contrasena)values('2148781', 'jose', 'gomez', 'sistemas', 'jose.gomez-ca@mail.escuelaing.edu.co', 'A', '15e2b0d3c33891ebb0f1ef609ec419420c20e320ce94c65fbc8c3312448eb225');
insert into usuarios(carnet, nombre, apellido, carrera, correo, rol, contrasena)values('2148782', 'johann', 'paez', 'sistemas', 'johann.paez@mail.escuelaing.edu.co', 'A', '15e2b0d3c33891ebb0f1ef609ec419420c20e320ce94c65fbc8c3312448eb225');
insert into usuarios(carnet, nombre, apellido, carrera, correo, rol, contrasena)values('2148783', 'prueba', '2019', 'sistemas', 'prueba.2019@mail.escuelaing.edu.co', 'U', '15e2b0d3c33891ebb0f1ef609ec419420c20e320ce94c65fbc8c3312448eb225');  

insert into tipo_recurso(id,descripcion)values(1 ,'Equipo de Computo');
insert into tipo_recurso(id,descripcion)values(2 ,'Sala de Estudio');
insert into tipo_recurso(id,descripcion)values(3 ,'Equipo Multimedia');

insert into recursos(identificador, nombre, ubicacion, capacidad, horarioi, horariof, descripcion, tiporecurso_id)values (nextval('recurso_sequence'),'Computador 1', 'Bloque B', 15, '07:00:00', '19:00:00', 'Con un peso inicial de solo 1,46 kg, la ThinkPad T490 es perfecta para la portabilidad. El bisel rediseñado da paso a un área de pantalla más amplia que en los modelos anteriores y cuenta con una amplia gama de opciones de pantalla, hasta WQHD IPS con Dolby Vision.',1);
insert into recursos(identificador, nombre, ubicacion, capacidad, horarioi, horariof, descripcion, tiporecurso_id)values (nextval('recurso_sequence'), 'Computador 2', 'Bloque B', 15, '07:00:00', '19:00:00', 'Con un peso inicial de solo 1,46 kg, la ThinkPad T490 es perfecta para la portabilidad. El bisel rediseñado da paso a un área de pantalla más amplia que en los modelos anteriores y cuenta con una amplia gama de opciones de pantalla, hasta WQHD IPS con Dolby Vision.', 1);
insert into recursos(identificador, nombre, ubicacion, capacidad, horarioi, horariof, descripcion, tiporecurso_id)values (nextval('recurso_sequence'), 'Computador 3', 'Bloque B', 15, '07:00:00', '19:00:00', 'Con un peso inicial de solo 1,46 kg, la ThinkPad T490 es perfecta para la portabilidad. El bisel rediseñado da paso a un área de pantalla más amplia que en los modelos anteriores y cuenta con una amplia gama de opciones de pantalla, hasta WQHD IPS con Dolby Vision.', 1);
insert into recursos(identificador, nombre, ubicacion, capacidad, horarioi, horariof, descripcion, tiporecurso_id)values (nextval('recurso_sequence'), 'Computador 4', 'Bloque B', 15, '07:00:00', '19:00:00', 'Con un peso inicial de solo 1,46 kg, la ThinkPad T490 es perfecta para la portabilidad. El bisel rediseñado da paso a un área de pantalla más amplia que en los modelos anteriores y cuenta con una amplia gama de opciones de pantalla, hasta WQHD IPS con Dolby Vision.', 1);
insert into recursos(identificador, nombre, ubicacion, capacidad, horarioi, horariof, descripcion, tiporecurso_id)values (nextval('recurso_sequence'), 'Computador 5', 'Bloque B', 15, '07:00:00', '19:00:00', 'Con un peso inicial de solo 1,46 kg, la ThinkPad T490 es perfecta para la portabilidad. El bisel rediseñado da paso a un área de pantalla más amplia que en los modelos anteriores y cuenta con una amplia gama de opciones de pantalla, hasta WQHD IPS con Dolby Vision.', 1);
insert into recursos(identificador, nombre, ubicacion, capacidad, horarioi, horariof, descripcion, tiporecurso_id)values (nextval('recurso_sequence'), 'Computador 6', 'Bloque B', 15, '07:00:00', '19:00:00', 'Con un peso inicial de solo 1,46 kg, la ThinkPad T490 es perfecta para la portabilidad. El bisel rediseñado da paso a un área de pantalla más amplia que en los modelos anteriores y cuenta con una amplia gama de opciones de pantalla, hasta WQHD IPS con Dolby Vision.', 1);
insert into recursos(identificador, nombre, ubicacion, capacidad, horarioi, horariof, descripcion, tiporecurso_id)values (nextval('recurso_sequence'), 'Computador 7', 'Bloque B', 15, '07:00:00', '19:00:00', 'Con un peso inicial de solo 1,46 kg, la ThinkPad T490 es perfecta para la portabilidad. El bisel rediseñado da paso a un área de pantalla más amplia que en los modelos anteriores y cuenta con una amplia gama de opciones de pantalla, hasta WQHD IPS con Dolby Vision.', 1);
insert into recursos(identificador, nombre, ubicacion, capacidad, horarioi, horariof, descripcion, tiporecurso_id)values (nextval('recurso_sequence'), 'Computador 8', 'Bloque B', 15, '07:00:00', '19:00:00', 'Con un peso inicial de solo 1,46 kg, la ThinkPad T490 es perfecta para la portabilidad. El bisel rediseñado da paso a un área de pantalla más amplia que en los modelos anteriores y cuenta con una amplia gama de opciones de pantalla, hasta WQHD IPS con Dolby Vision.', 1);
insert into recursos(identificador, nombre, ubicacion, capacidad, horarioi, horariof, descripcion, tiporecurso_id)values (nextval('recurso_sequence'), 'Computador 9', 'Bloque B', 15, '07:00:00', '19:00:00', 'Con un peso inicial de solo 1,46 kg, la ThinkPad T490 es perfecta para la portabilidad. El bisel rediseñado da paso a un área de pantalla más amplia que en los modelos anteriores y cuenta con una amplia gama de opciones de pantalla, hasta WQHD IPS con Dolby Vision.', 1);
insert into recursos(identificador, nombre, ubicacion, capacidad, horarioi, horariof, descripcion, tiporecurso_id)values (nextval('recurso_sequence'), 'Computador 10', 'Bloque B', 15, '07:00:00', '19:00:00', 'Con un peso inicial de solo 1,46 kg, la ThinkPad T490 es perfecta para la portabilidad. El bisel rediseñado da paso a un área de pantalla más amplia que en los modelos anteriores y cuenta con una amplia gama de opciones de pantalla, hasta WQHD IPS con Dolby Vision.', 1);
insert into recursos(identificador, nombre, ubicacion, capacidad, horarioi, horariof, descripcion, tiporecurso_id)values (nextval('recurso_sequence'), 'Computador 11', 'Bloque B', 15, '07:00:00', '19:00:00', 'Con un peso inicial de solo 1,46 kg, la ThinkPad T490 es perfecta para la portabilidad. El bisel rediseñado da paso a un área de pantalla más amplia que en los modelos anteriores y cuenta con una amplia gama de opciones de pantalla, hasta WQHD IPS con Dolby Vision.', 1);
insert into recursos(identificador, nombre, ubicacion, capacidad, horarioi, horariof, descripcion, tiporecurso_id)values (nextval('recurso_sequence'), 'calculo de una variable james stewart', 'Biblioteca Jorge Álvarez Lleras', 15, '07:00:00', '19:00:00', 'El autor continúa aplicando los mejores elementos de la reforma de las matemáticas (la regla de tres), al combinar los aspectos teóricos tradicionales del cálculo con la enseñanza creativa y las técnicas de aprendizaje', 2);
insert into recursos(identificador, nombre, ubicacion, capacidad, horarioi, horariof, descripcion, tiporecurso_id)values (nextval('recurso_sequence'), 'APRENDIENDO A PROGRAMAR A PARTIR DE CERO', 'Biblioteca Jorge Álvarez Lleras', 15, '07:00:00', '19:00:00', 'Por más de 25 años, la autora de este libro ha estado dedicada a la enseñanza de la programación de computadores dirigida a estudiantes de ingeniería, la mayoría novatos en el tema.', 2);
insert into recursos(identificador, nombre, ubicacion, capacidad, horarioi, horariof, descripcion, tiporecurso_id)values (nextval('recurso_sequence'), 'MODELOS MATEMATICOS', 'Biblioteca Jorge Álvarez Lleras', 15, '07:00:00', '19:00:00', 'En ciencias aplicadas y en tecnología, un modelo matemático es uno de los tipos de modelos científicos que emplea algún tipo de formulismo matemático para expresar relaciones, proposiciones sustantivas', 2);
insert into recursos(identificador, nombre, ubicacion, capacidad, horarioi, horariof, descripcion, tiporecurso_id)values (nextval('recurso_sequence'), 
'recursoPRUEBAS', 'UBIPRUEBA', 100,
'00:00:00', '23:59:00', 
'RECURSO PARA PRUEBAS ', 1);


insert into reservados (idr, fechainicioreserva, horainicioreserva, fechafinreserva, horafinreserva, recurrente, usuario, recurso) values (nextval('reservados_sequence'), '12/10/2019', '8:00:00', '12/10/2019', '10:00:00', 'No', 2148781, 3);
insert into reservados (idr, fechainicioreserva, horainicioreserva, fechafinreserva, horafinreserva, recurrente, usuario, recurso) values (nextval('reservados_sequence'), '01/27/2020', '9:48:00', '01/27/2020', '11:00:00', 'No', 2148781, 2);
insert into reservados (idr, fechainicioreserva, horainicioreserva, fechafinreserva, horafinreserva, recurrente, usuario, recurso) values (nextval('reservados_sequence'), '12/13/2019', '12:57:00', '12/13/2019', '2:57:00', 'No', 2148781, 1);
insert into reservados (idr, fechainicioreserva, horainicioreserva, fechafinreserva, horafinreserva, recurrente, usuario, recurso) values (nextval('reservados_sequence'), '01/28/2020', '13:51:00', '01/28/2020', '14:35:00', 'No', 2148781, 2);
insert into reservados (idr, fechainicioreserva, horainicioreserva, fechafinreserva, horafinreserva, recurrente, usuario, recurso) values (nextval('reservados_sequence'), '12/13/2019', '15:33:00', '12/13/2019', '16:44:00', 'No', 2148781, 1);
insert into reservados (idr, fechainicioreserva, horainicioreserva, fechafinreserva, horafinreserva, recurrente, usuario, recurso) values (nextval('reservados_sequence'), '01/20/2019', '7:34:00', '01/20/2019', '8:31:00', 'No', 2148781, 1);
insert into reservados (idr, fechainicioreserva, horainicioreserva, fechafinreserva, horafinreserva, recurrente, usuario, recurso) values (nextval('reservados_sequence'), '12/11/2019', '9:41:00', '12/11/2019', '10:03:00', 'No', 2148781, 3);
insert into reservados (idr, fechainicioreserva, horainicioreserva, fechafinreserva, horafinreserva, recurrente, usuario, recurso) values (nextval('reservados_sequence'), '12/12/2019', '12:54:00', '12/12/2019', '13:59:00', 'No', 2148781, 1);
insert into reservados (idr, fechainicioreserva, horainicioreserva, fechafinreserva, horafinreserva, recurrente, usuario, recurso) values (nextval('reservados_sequence'), '01/16/2020', '15:57:00', '01/16/2020', '17:00:00', 'No', 2148781, 8);
insert into reservados (idr, fechainicioreserva, horainicioreserva, fechafinreserva, horafinreserva, recurrente, usuario, recurso) values (nextval('reservados_sequence'), '02/24/2020', '7:01:00', '02/24/2020', '9:00:00', 'No', 2148781, 1);
insert into reservados (idr, fechainicioreserva, horainicioreserva, fechafinreserva, horafinreserva, recurrente, usuario, recurso) values (nextval('reservados_sequence'), '03/17/2020', '9:10:00', '03/17/2020', '9:50:00', 'No', 2148781, 11);
insert into reservados (idr, fechainicioreserva, horainicioreserva, fechafinreserva, horafinreserva, recurrente, usuario, recurso) values (nextval('reservados_sequence'), '03/18/2020', '11:10:00', '03/18/2020', '11:59:00', 'No', 2148781, 1);
insert into reservados (idr, fechainicioreserva, horainicioreserva, fechafinreserva, horafinreserva, recurrente, usuario, recurso) values (nextval('reservados_sequence'), '03/20/2020', '10:14:00', '03/20/2020', '11:14:00', 'No', 2148781, 10);


insert into reservados (idr, fechainicioreserva, horainicioreserva, fechafinreserva, horafinreserva, recurrente, usuario, recurso) values (nextval('reservados_sequence'), '12/11/2019', '9:00:00', '12/11/2019', '10:48:00', 'Si', 2148781, 2);
insert into reservados (idr, fechainicioreserva, horainicioreserva, fechafinreserva, horafinreserva, recurrente, usuario, recurso) values (nextval('reservados_sequence'), '12/12/2019', '9:00:00', '12/12/2019', '10:48:00', 'Si', 2148781, 2);
insert into reservados (idr, fechainicioreserva, horainicioreserva, fechafinreserva, horafinreserva, recurrente, usuario, recurso) values (nextval('reservados_sequence'), '12/13/2019', '9:00:00', '12/13/2019', '10:48:00', 'Si', 2148781, 2);
insert into reservados (idr, fechainicioreserva, horainicioreserva, fechafinreserva, horafinreserva, recurrente, usuario, recurso) values (nextval('reservados_sequence'), '12/10/2019', '13:00:00', '11/5/2019', '15:00:00', 'Si', 2148781, 1);
insert into reservados (idr, fechainicioreserva, horainicioreserva, fechafinreserva, horafinreserva, recurrente, usuario, recurso) values (nextval('reservados_sequence'), '12/11/2019', '13:00:00', '11/6/2019', '15:00:00', 'Si', 2148781, 1);
insert into reservados (idr, fechainicioreserva, horainicioreserva, fechafinreserva, horafinreserva, recurrente, usuario, recurso) values (nextval('reservados_sequence'), '12/12/2019', '13:00:00', '11/7/2019', '15:00:00', 'Si', 2148781, 1);
insert into reservados (idr, fechainicioreserva, horainicioreserva, fechafinreserva, horafinreserva, recurrente, usuario, recurso) values (nextval('reservados_sequence'), '12/02/2019', '03:00:00', '12/02/2019', '03:15:00', 'No', 2148782, 15);

--alter sequence reservados_sequence restart with 1;
--delete from reservados;
--alter sequence recurso_sequence restart with 1;
--delete from reservados where idr = (select max(idr) from reservados);
--alter sequence recurso_sequence restart with 17;
--alter sequence  reservados_sequence restart with 22;
--delete from reservados where idr >21;
--delete from recursos where identificador >16;




